name,website,domain
Nick's Plumbing & Air Conditioning,https://www.nicksplumbing.com/,
GEI Plumbing Services Houston,https://www.geiplumbingservices.com/,
Texas Quality Plumbing,https://www.texasqualityplumbing.com/?utm_source=google&utm_medium=organic&utm_campaign=local+listings,
"Village Plumbing, Air & Electric",https://villageplumbing.com/?utm_source=google&utm_medium=gmb&utm_campaign=Google%20Business%20Profile,
Cooper Plumbing | Houston Plumber,https://www.cooperplumbinghouston.com/?utm_source=google&utm_medium=organic&utm_campaign=gmb-listing,
Texas Plumbing,https://www.texasplumbing911.com/,
Speedway Plumbing Houston Texas,https://speedwayplumbingtexas.com/,
Santhoff Plumbing,https://www.santhoffplumbingco.com/?utm_source=gbp&utm_medium=organic&utm_campaign=houston,
H-Town Plumbers,https://www.htownplumbers.com/,
Lifetime Plumbing,http://lifetimeplumbingtx.com/,
Texas Premier Plumbing LLC,https://texaspremierplumbing.com/,
Luke's Plumbing & Air Conditioning,https://calllukes.com/?utm_source=google&utm_medium=gbp,
"Abacus Plumbing, Air Conditioning, & Electrical",https://www.abacusplumbing.net/?utm_campaign=gmb_ab-hou_home_everyone_gmb-houston&utm_medium=gmb&utm_source=google,
Wedgeworth Plumbing,http://www.wedgeworthplumbing.com/,
Hugo Plumbing,https://www.hugoplumbingtx.com/,
bluefrog Plumbing and Drain of West Houston,https://www.bluefrogplumbingwesthouston.com/?utm_source=google&utm_medium=organic&utm_campaign=gbp,
Affordable Plumbing Services Houston,https://houston-plumbingservices.com/?utm_campaign=gmb,
Arrow Plumbing,http://www.arrowplumbing.com/,
David Hicks Plumbing,https://www.davidhicksplumbing.com/,
YB Plumbing & Hydro Jetting Services,https://ybplumbing.com/,
All The Time Plumbing,https://allthetimeplumbing.com/,
Roto-Rooter Plumbing & Water Cleanup,https://www.rotorooter.com/houston/?utm_source=Google&utm_medium=organic&utm_campaign=gmb&utm_content=website,
OneCall Houston,https://onecallhouston.com/greater-houston-hvac-plumbing-and-electrical-contractor/?utm_source=google-gbp&utm_medium=organic&utm_campaign=*439*one-call-houston,
Aberle Plumbing LLC,http://aberleplumbing.com/,
Houston Plumbing Services,https://www.houstonplumbingservices.com/,
All Around Plumbing LLC,https://allaroundplumbingtx.com/,
AAA Plumbers,http://www.aaaplumbers.com/,
Halo Plumbing Services,https://haloplumbingtx.com/,
Mission Air Conditioning & Plumbing,https://www.missionac.com/locations/houston-tx/?utm_source=google&utm_medium=organic&utm_campaign=gbp,
John Moore Services,http://www.johnmooreservices.com/,
ARS / Rescue Rooter,https://www.ars.com/houston?utm_source=google&utm_medium=gbp&utm_campaign=local_seo&utm_content=gbp_website_click,
Linc Home Services,https://linc-htx.com/?utm_source=organic&utm_medium=listing&utm_campaign=gmb,
Pipe Doctors LLC,https://www.plumbingservicehoustontx.com/,
Lucky's Plumbing,http://www.luckysplumbing.com/,
The Houston Plumbing Company,https://www.thehoustonplumbingcompany.com/,
"Texas Master Plumber, LLC",https://www.texasmasterplumberllc.com/,
Space City Plumbing,https://www.spacecityplumbing.com/,
Vanderford Air & Plumbing,https://www.vanderfordair.com/,
All Clear Plumbing and Drain Cleaning,http://allclearplumbinghouston.com/,
Lanco Plumbing,http://www.lancoplumbinginc.com/,
Mr. Rooter Plumbing,https://www.mrrooterleaguecity.com/,
Galveston Island Plumbing & Drain Cleaning,https://www.galvestonplumbingdrains.com/league-city/?utm_source=google&utm_medium=gmb-league-city,
Brazos Plumbing,https://brazosplumbingservices.com/,
All About Plumbing,http://www.noahsallaboutplumbing.com/,
Grand Slam Plumbing,http://www.txgrandslam.com/,
Aedile Plumbing,https://aedileplumbing.com/,
Ambitious Plumbing,http://ambitiousplumbing.com/,
J&A Plumbers,http://www.jandaplumbersllc.com/,
Maverick Plumbing Services LLC,http://maverickplumbing.org/,
Speedway Plumbing League City,https://league-city-tx.speedwayplumbingtexas.com/,
Creekside Plumbing & Construction,https://www.creeksideplumbing.com/,
"Acacias Plumbing | Emergency Plumber, Drain Cleaning, Sewer Repair and Water Heater Installation Houston, TX",https://www.acaciasplumbing.com/?utm_source=google&utm_medium=search_engine&utm_campaign=gmb,
Hot Water Guys,http://hotwaterguys.com/,
1-Tom-Plumber,https://www.1tomplumber.com/houston/,
Plomero Yanez,https://www.plomeroyanez.com/,
After Hours Plumbing Service,http://www.afterhoursplumbingservice.com/,
Royal Flush Affordable Plumbing,https://www.royalflushaffordableplumbing.com/,
Houston Plumbing Expert,https://www.houstonplumbingexpert.com/,
Power Plumbing Services,https://www.powerplumbingtx.com/?utm_source=google&utm_medium=organic&utm_campaign=gmb-profile-humble,
The Plumbing Guy LLC,http://www.theplumbingguy.com/,
Target Plumbing,https://targetplumbingllc.com/,
Capital Care Plumbing,https://www.capitalcareplumbing.com/,
Same Day Water Heaters,http://www.samedaywaterheaters.com/,
Mammoth Plumbing Services,https://mammothplumbing.com/?utm_source=GMB&utm_medium=organic,
bluefrog Plumbing + Drain of Northwest Houston,https://www.bluefrogplumbingnwhouston.com/,
AL Rooter Plumbing LLC,https://alrooterplumbing.com/?utm_campaign=gmb,
Ritter Plumbing,http://www.ritterplumbing.com/,
Water Heater Pros,http://proplumbertx.com/,
D P South Texas Plumbing,http://www.southtexasplumbing.com/,
Weeks Service Company,https://weeksservicecompany.com/?utm_source=google&utm_medium=gbp&utm_campaign=WEE0100-WEB009-GBP&utm_crid=WEE0100_WEB009_61822599,
waterheater-leaguecity,https://waterheaterleaguecity.com/plumbing-coupons-league-city.html,
Generational Plumbing LLC,http://www.generationalplumbingllc.com/,
Piper's Plumbing,https://pipersplumbingco.net/,
Alliance Plumbing Services,https://allianceplumbingservices.com/?utm_source=Google&utm_medium=gmb,
S & B Plumbing,https://www.sandbplumbing.com/,
All American Plumbing,http://allamerican-plumbing.com/?utm_campaign=gmb,
"C&R Plumbing Services, LLC.",https://cnrplumber.com/,
ASAP Plumbing Experts,https://bestplumbingcompanyhouston.com/?utm_source=google&utm_medium=organic&utm_campaign=gbp,
"Cheaux Plumbing, LLC",https://cheauxplumbing.net/,
Aaron's Plumbing,http://www.aaronsplumbinghtx.com/,
On Point Plumbing LLC,https://onpointplumbingllc.com/,
Midtown Plumbing,https://midtownplumbing.net/,
5 Star Plumbing Houston,https://5starplumbinghouston.com/,
Master Plumber Services,https://www.masterplumberservice.com/,
Pilix Plumbing,http://www.pilixplumbing.com/,
I Am Your Plumber,https://imyourplumber.net/,
Right Choice Plumbing LLC,https://rightchoice-plumbing.com/,
Plumbing Houston,https://plumbinghouston.com/,
Chavez Plumbing Inc,https://www.chavezplumbinginc.com/,
Houston Plumbers Pro LLC,https://houstonplumberspro.com/?utm_campaign=gmb,
Hopkins Plumbing Services Inc,https://sites.google.com/view/hopkinsplumbingservicesinc/home,
Knight's Plumbing,http://www.knightsplumbing.com/,
Cosmic Plumbing LLC,https://www.cosmicplumbingllc.com/,
Ryno Plumbing LLC,https://rynoplumbing.com/,
"A1 Plus Electrical, Plumbing and Air Conditioning Repair",https://a1plus.com/electrical-services/?utm_source=google&utm_medium=organic&utm_campaign=gbp-northwestfwy&utm_content=listing,
"Kintex Plumbing, LLC-",http://kintexplumbing.com/,
McCary's Plumbing Repair Inc,https://mccarysplumbingrepair.com/,
"Living Solutions Plumbing Co, LLC",https://www.livingsunlimited.com/,
ER Ideal Plumbing,https://eridealplumbing.com/?utm_source=Google&utm_medium=GMB,
Malek Service Company,https://malekservice.com/houston1-2/,
Best Rates Plumbing,http://bestratesplumbing.com/,
Blake Plumbing Services,http://blakeplumbingservices.com/,
"DYZ Plumbing, LLC",https://dyzplumbing.com/,
"CMP Plumbing, LLC",http://cmpplumbingllc.com/?y_source=1_NTU3NTQyNDQtNzE1LWxvY2F0aW9uLndlYnNpdGU%3D,
Doug Turner Plumbing CO.,https://www.dougturnerplumbing.com/?utm_source=gbp,
South Texas Piping,https://www.southtexaspiping.com/,
JR Plumbing,https://jrplumbingtx.com/?utm_source=google&utm_medium=organic&utm_campaign=gmb,
"Northside Plumbing Supply, Inc.",http://www.northsideplumbing.com/,
"Davy Crockett Plumbing, LLC",https://www.davycrockettplumbingllc.com/,
"All Star A/C, Plumbing & Electrical",https://allstarairtexas.com/,
All-Tex Plumbing Services,https://www.alltex-plumbing.com/,
Medina's Plumbing,https://medinasplumbingtx.com/,
"Peter's Plumbing & Remodeling, LLC",http://petersplumbingtx.com/,
Amailey Plumbing,http://www.amaileyplumbing.com/,
Just For You Plumbing and Heating,https://justforyouplumbers.com/energy-corridor-tx/,
Able Plumbing | Residential | Commercial | 24/7 Emergency,https://www.able-plumbing.net/,
Ingram Plumbing Co,https://ingramplumbing.com/,
Texas Best Plumbing And Services LLC,https://texasbestplumbing.com/friendswood-tx/,
Mike Knight Plumbing LLC,http://mikeknightplumbing.com/,
Aqueduct Plumbing Company,https://aqueductplumbingcompany.com/,
Buddy's Plumbing,http://buddysplumbing.net/,
Crawford Plumbing Service,http://crawford-service.jany.io/,
Red One Plumbing,https://www.redoneplumbing.com/?utm_source=GBP&utm_medium=organic&utm_campaign=office,
Shaw Plumbing Co. LLC,https://shawplumbingco.com/,
Tucker Plumbing LLC,http://www.tuckerplumbing.net/,
Air Tech of Houston AC & Plumbing,https://www.airtechofhouston.com/locations/houston-tx/?utm_source=google-gbp&utm_medium=organic&utm_campaign=*19*air-tech-houston,
One plumbing expert houston,https://oneplumbingexperthouston.com/?utm_campaign=gmb,
Get It Done Plumbing,http://getitdoneplumbing.com/,
Primary Plumbing Services,https://primaryplumbingservices.com/,
Quality Plumber Houston,https://www.bestplumbingservicehouston.com/,
The Overall Plumber,https://www.theoverallplumber.com/,
24 HR Emergency Plumber Houston Local Pro's,https://24hremergencyplumberlocalpros.com/houston/,
Champion Plumbers of Texas,http://www.facebook.com/championplumbers,
Plumbing System Pros,https://plumbingsystempros.com/,
"Strutton Plumbing Company, Inc",http://www.struttonplumbing.com/,
Allen Plumbing Co,http://www.allenplumbing.com/,
Texas Plumbing and Drain Experts,https://plumbingexpertsoftexas.com/,
Graham Plumbing Services,https://bestsugarlandplumbers.com/,
TX Hydrojet & Plumbing,https://txhydrojet.com/?utm_source=google&utm_medium=organic&utm_campaign=gmb,
Sebastian’s Plumbing,https://sebastiansplumbing.com/,
Sword Plumbing Company,http://swordplumbing.com/,
Gilbert Plumbing Company L.P.,http://www.gilbertcotx.com/,
GT Plumbing,http://gtplumbingllc.com/,
Flat-Out Plumbing HVAC & Restoration,https://flatoutplumbing.com/?utm_source=gbp&utm_medium=clicks&utm_campaign=local,
Tony's Plumbing,https://tonysplumbingtx.com/,
Fair Price Plumbing,http://www.fairpriceplumbing.net/,
Rtd Plumbing Ltd,http://www.rtdplumbing.com/,
Joe Nettles Plumbing,http://www.nettlesplumbing.com/,
Herndon Muncey Inc - Investigative Plumbing,http://www.herndonmuncey.com/,
Vasquez Pool Plumbing Inc,http://vasquezpoolplumbing.com/,
Texas James Plumbing,https://www.txjamesplumbing.com/?utm_campaign=gmb,
"Charlie's Plumbing, Inc",https://www.charliesplumbing.com/,
Houdini's Plumbing | Plumbing Service Houston,https://houdinisplumbing.com/contact-us/,
Hexagon Plumbing LLC,http://www.hexagonplumbing.com/,
Champion Plumbing Services,https://plumbingchamp.com/,
Tower Plumbing Inc,http://www.towerplumbing.com/,
A Plumber Service,https://www.aplumberservice.com/,
Brad's Plumbing,http://www.bradsplumbing.com/,
EDH Plumbing Contractors,http://www.edhplumbingcontractors.com/,
Plumbers Local 68,https://www.plu68.com/,
Gemini Plumbing Inc,https://www.geminiplumbinginc.com/,
Kenneth’s Plumbing LLC,http://www.kennethsplumbing.com/,
IGD Plumbing & Air,https://www.igdplumbing.com/,
Villafranca Plumbing,https://www.villafrancaplumbing.com/?utm_source=google&utm_medium=wix_google_business_profile&utm_campaign=6866222073543648658,
Haveman Plumbing Co,https://www.havemanplumbingco.com/,
GC&MORE Plumbing Services Houston & Construction,https://gcmore.com/,
Santana Bros Plumbing,https://santanabrosplumbing.com/,
Bayou Plumbing Company,https://bayouplumbingllc.com/,
Sirius plumbing,https://siriusplumbingllc.com/,
In the Loop Plumbing,http://intheloopplumbing.com/,
Plumbers911 Houston,https://plumbers911.com/find-a-local-plumber/houston-texas-plumbers/,
Pace Plumbing & Supply Co,https://paceplumb.com/,
Repipe & Replumb,http://www.repipeandreplumb.com/,
Busy Bee Plumbing Services,https://busybeeplumbingservices.com/,
HDZ Plumbing and Drain,http://www.hdzplumbinganddrain.com/,
Herrera Plumbing Service,https://www.herreraplumbing.com/,
M & M Plumbing Inc,https://www.mandmplumbingtexas.com/,
A & T Plumbing Co Inc,https://atplumbingco.com/,
CFI Mechanical Inc,https://cfimechanical.com/,
Life Line Plumbing,https://www.lifelineplumbing.com/,
Metro Plumbing and Backflow LLC,https://metroplumbing.us/?utm_source=google&utm_medium=gbp,
Got Flow: Plumbing & AC Services,https://www.gotflowservices.com/,
Northside Waterworks & Plumbing,https://northsidewaterworks.com/,
JC Plumbing & Construction,http://www.jcplumbingandconstruction.com/,
MAK Plumbing Services,https://makplumbingtx.com/,
RMP Plumbing,http://www.rmp-plumbing.com/,
TDT Plumbing,http://www.tdtplumbing.com/?utm_source=GBP&utm_medium=organic&utm_campaign=googlebusiness,
Dodd's Plumbing Services,https://www.doddsplumbingservice.com/,
"Vossler Plumbing Company - Houston, Texas",https://vosslerplumbing.com/,
Texas Select Plumbing,http://texasselectplumbing.com/,
"Bradbury Brothers Cooling, Plumbing & Electrical",https://www.bradburybrothers.com/,
Daniels Plumbing,https://danielsplumbing.com/,
Tomball Plumbing,http://tomballplumbing.net/,
JD Precision Plumbing Services,https://jdprecisionplumbing.com/,
Pillar Plumbing,https://pillarplumbing.net/,
Abbie's Plumbing LLC,https://abbiesplumbing.com/?utm_source=google&utm_medium=local&utm_campaign=1&utm_content=primary,
Lahr Plumbing LLC,http://www.lahrplumbing.com/,
"Choice Plumbers, LLC.",http://www.choiceplumbers.com/,
"Dailey Company, Inc.",https://www.godailey.com/,
"Anytime Plumbing 365, Drain Cleaning & Repair",https://www.anytimeplumbing365.com/emergency-plumbing-repairs/?utm_source=google&utm_medium=organic&utm_campaign=gbp_woodlands,
T-Bone Plumbing Co.,https://tboneplumbingco.com/,
"Jared's Plumbing, LLC",https://jaredsplumbing.com/,
Licensed To Plumb Plumbing LLC,http://www.ltpplumbing.com/,
Flow Tech Plumbing,https://plumbingserviceshumble.com/,
First Service Plumbing & Drains LLC,https://firstserviceplumbing.com/?utm_source=google&utm_medium=organic&utm_campaign=gbp,
Solution Plumbing,https://solutionplumbing.net/,
Adam Griffith Plumbing,http://adam-griffith-plumbing.poi.place/,
Top Notch Plumbing,https://topnotchplumbingservices.com/,
Rei Plumbing,https://reiplumbingtexas.com/,
Brazos Home Services,https://www.brazosplumbing.com/,
YB Plumbing Services Humble TX,https://yb-plumbing-service-mobile.localo.site/,
GAP Plumbing,https://www.gapplumbing.net/,
Jeremy the Plumber,http://www.jeremyplumber.com/,
Republic Plumbing,https://www.republic-plumbing.com/,
Bay Cam Plumbing,https://baycamplumbing.com/,
Top Quality Plumbing Services,https://texasbestplumbingcompany.com/,
Bear's Plumbing & Water Heater Repair,https://bearsplumbing.net/?utm_source=google&utm_medium=organic&utm_campaign=gbp_spring,
Apple Plumbing,http://appleplumbingco.com/,
Fisher Family Plumbing,http://fisherfamilyplumbing.com/,
IFS Master Plumber,https://ifsmasterplumberhouston.com/,
All in the Family Plumbing,http://www.allinthefamilyplumbing.com/,
Modern Plumbing Co. Inc.,https://www.modernplumbing.com/,
Mike's Plumbing,http://mikesplumbing.org/,
Always Plumbing & Drains,https://aaalwaysplumbing.com/,
Joe Castro Plumbing,https://myjoeplumber.com/,
A-TEAM PLUMBING & MED GAS,https://www.ateamplumbing.services/contact/,
Milton Frank Plumbing & Cooling,https://www.miltonfrankplumbing.com/?utm_source=google+business+listing&utm_medium=organic&utm_campaign=click+to+website,
DG Plumbing Service,https://dgplumbingservice.com/,
713 Plumbers & Drain Services of Houston,http://713plumbingsolutions.co/,
Speedway Plumbing 24 Hour Plumber,https://missouri-city.speedwayplumbingtexas.com/,
Citywide Plumbing Services LLC.,http://www.citywideservices.net/,
Plumber West University Place TX,http://www.plumberwestuniversityplace.com/,
Armstrong Plumbing Company,http://www.armstrongplumbingcompany.com/,
Professionals Same Day Repair - Plumbing Services,https://professionalsrepair.com/,
"Show Plumbing, LLC",https://www.showplumbing.com/?utm_source=google&utm_medium=gmb,
McKeever Plumbing Greater Houston Area,http://mckeeverplumbing.com/,
Jordan Plumbing Solutions,https://jordanplumbinghouston.com/,
Epic Plumbing,https://www.epicservices.com/,
"Steinmetz Plumbing, Inc.",http://www.yourplumberforlife.com/,
Ranger Plumbing Company,https://www.rangerplumbingco.com/needville-plumbing/,
Plumbing Drain Cleaning,https://www.plumbingdrain.online/blank,
Essential Plumbing LLC,http://www.essentialplumbingpro.com/,
ALL SERVICES PLUMBING,http://allservicesplumbing.net/,
Britton Waterworks Plumbing LLC,http://www.brittonwaterworks.com/,
Emet's Plumbing,https://emetsplumbing.com/,
Accurate Plumbing Services,https://accurateplumbingtx.com/,
Carey Plumbing,https://www.careyplumbing.com/,
All Phase Plumbing,http://all-phase-plumbing.com/,
Bonilla Foundation Repair,http://www.bonillafoundationrepair.com/,
Bellford Plumbing,https://bellford-plumbing.com/,
TX logic plumbing,http://txlogicplumbing.com/,
Well-Done Plumbing,https://www.welldoneplumbing.us/,
Botello Plumbing & Fixtures,https://www.botelloplumbing.com/,
"Turbo Plumbing , Air Conditioning, Electrical & HVAC Repair",https://turbohomeservices.com/,
"Kenn's Plumbing, Inc.",https://www.kennsplumbing.com/?utm_source=google&utm_medium=business_profile&utm_campaign=website,
Mr. Potty Plumbing,https://callmrpotty.com/,
Jolivet Plumbing,http://plumbingrepairserviceshouston.com/,
JV Houston Plumbing,https://jvhoustonplumbing.com/,
NANDEZ PLUMBING AND EXCAVATION,http://nandezplumbing.com/,
Abledale Plumbing LLC.,http://abledaleplumbing.com/,
Affordable Quality Plumbing,https://affordablequalityplumbing.com/,
5M Plumbing,https://www.5mplumbingtx.com/,
1-800-PLUMBER +AIR,https://1800plumber.com/pearland-tx/,
Sonny's Plumbing,https://www.sonnysplumbingtx.com/,
Olmos Plumbing Pearland,https://olmosplumbing.com/,
Lone Star Plumbing Services,https://www.lonestarplumbingservices.com/,
The Repipe Company a Plumbing & Sewer Drain specialist,https://therepipecompany.com/?utm_source=local&utm_medium=organic&utm_campaign=gmb,
Sam The Plumber,https://www.samtheplumbertx.com/,
Purpose Plumbing,https://www.purposeplumbingtx.com/,
Gulf States Plumbing & Mechanical Inc,https://gulfstatesplumbing.com/,
Air Specialist Air Conditioning & Plumbing,https://www.airspecialist.com/?utm_source=Google&utm_medium=GBP&utm_campaign=Organic_GBP_Air_Specialist,
"Alternative Plumbing Solutions, LLC",https://alternativeplumbingsolutions.com/,
The Qualified Plumbers & Drain Services of Friendswood,https://thequalifiedplumbers.com/,
Besser & Son Plumbing Co,http://www.besserplumbing.com/,
Bateman Plumbing Co,https://bateman-plumbing.com/,
The Reliable Plumbers & Drain Services of Friendswood,https://thereliable-plumbers.com/,
Axios Plumbing,https://axiosplumbing.com/,
AJ's Plumbing LLC.,http://www.ajsplumbingllc.com/,
Mercy Plumbing,https://www.mercyplumbing.com/?utm_source=google&utm_medium=organic&utm_campaign=GMBListing-Katy-TX,
Gold Coast Plumbing,https://goldcoastplumbingllc.com/,
Acosta Plumbing Solutions LLC,https://www.acostaplumbingsolutions.com/?utm_campaign=gmb,
Ory's Plumbing Services & Drain Cleaning,https://www.orysplumbingsolutions.com/?utm_source=gmb&utm_medium=gmb&utm_campaign=gmb,
Precise Plumbing & Air,https://www.preciseplumbingair.com/,
City and Beyond handyman services and more,http://cityandbeyondhandymanservicesandmore.com/,
Gal Plumbing Industries LLC,https://galplumbingindustries.com/?utm_source=GMB&utm_medium=organic&utm_campaign=office,
"Obsta Plumbing, Inc.",http://www.obstaplumbinginc.com/,
PROLINE PLUMBING AND HOME SERVICES LLC,https://www.prolineplumbingservices.com/,
Top Notch Texas Plumbing & Drainage Solutions,http://tntplumbinganddrainage.com/,
Cupid Plumbing,https://www.cupidplumbing.com/,
The Gallery Plumbing,http://www.thegalleryplumbing.com/,
Hero Plumbing + Drain,https://www.heroplumbingplusdrain.com/,
Speedway Plumbing of Katy TX,https://katy.speedwayplumbingtexas.com/,
"24/7 Plumbing Co., LP",https://katy-plumber.com/?utm_source=GBPlisting,
"Repipe Specialists - Houston, TX",https://houston.repipe.com/?&utm_source=google&utm_medium=local-listings&utm_campaign=tx-iah,
The Katy Plumbing Company Heating & Air,https://katyplumbers.com/,
L&S Mechanical,http://www.lsmech.com/,
Loyalty Plumbing LLC,https://loyaltyplumbingllc.net/,
Luis Your Plumber LLC,http://www.yourplumberluis.com/,
Atteris - Houston,https://atteris.com.au/,
"Tunnel Now for Plumbing, Excavation and Trenching",https://www.tunnelnow.com/,
Hydro Jet Masters,https://www.hydrojet-masters.com/,
MET Plumbing LLC,https://met-plumbing.com/?utm_source=google-gbp&utm_medium=organic&utm_campaign=*538*MET-Houston,
JCA PLUMBING LLC,http://www.jcaplumbingllc.com/,
Planet Houston Plumbing,https://planethoustonplumbing.net/,
Crownco Systems,http://crowncoplumbing.com/,
GMMD Plumbers Services,https://www.gmmdplumbersservices.com/,
Belknap Plumbing Systems Inc,https://www.belknapplumbing.com/,
ErnTex Plumbing LLC,http://erntexplumbing.com/,
Barry Plumbing Company,https://www.barryplumbinginc.com/,
MAG Plumbing llc,http://www.magplumb.com/,
Benjamin Franklin Plumbing & Drain Services of Cypress,https://www.benjaminfranklinplumbing.com/cypress/?utm_source=gbp&utm_medium=organic&utm_campaign=638357_-BF0525-,
Pisces Plumbing,https://www.piscestx.com/,
Archer Plumbing & Drain,https://archerplumbinghouston.com/,
SP Plumbing Solutions,https://spplumbingsolutions.com/,
commercialplumbinghoustontx,https://commercialplumbinghoustontx.com/contact-us.html,
Power Water & Heating,https://powerplumbingrepair.com/,
Fox Plumbing,https://foxplumbing.net/,
"GP Plumbing, LLC",https://gpplumbingllc.net/,
Eli's Plumbing,http://elisplumbing.net/,
ER Plumbing Services,http://www.erplumbingservice.com/,
911.. plumberstx,https://911plumberstx.com/,
Water Heater West University Place TX,http://www.waterheaterwestuniversityplace.com/,
DC Plumbing Solutions,https://www.dcplumbingsolutionsllc.com/,
Blackmon Plumbing,https://www.blackmonplumbing.com/,
Alfa Plumbing Services,https://alfaplumbingservices.com/,
Ryans Plumbing Repair Service,https://www.ryans-plumbing-repair-service.com/home,
Jostan Plumbing Services LLC,https://www.jostanplumbing.com/,
Tucker Plumbing & Leak Repair,https://tuckerplumbingbaytown.com/,
Young Plumbing & Heating,http://www.youngplumbingcompany.com/,
MVP Plumbing LLC,https://mvpplumbingllc.com/,
HTX WATER HEATERS AND PLUMBING,http://htxwaterheatersandplumbing.com/,
Speedway Plumbing Pasadena,https://speedwayplumbers.com/,
iPlumb,http://www.iplumbsolutions.com/,
Olasco Plumbing Inc.,https://www.olascoplumbing.com/,
Bay Coast Plumbing,http://www.baycoastplumbing.net/,
Pastex Plumbing,https://hearttohome.net/?y_source=1_Mzk4MTY5MTctNzE1LWxvY2F0aW9uLndlYnNpdGU%3D,
Byrd's Maintenance And Plumbing Services Inc,https://byrdsplumbing.com/,
Bac Trac Plumbing LP,http://bactracplbg.com/,
han conn plumbing services,http://hanconnplumbing.com/,
Priority Plumbing,http://www.priorityplumbingtx.com/,
"Air-Care Southeast, Inc.",https://www.aircaresoutheast.com/,
Pasadena Plumbing Services Inc,http://www.pasadenaplumbingservices.com/,
Ram CT Plumbing,http://ramctplumbing.net/,
My Guys Plumbing Heating & Air,https://myguyshouston.com/,
bluefrog Plumbing and Drain of Northeast Houston,https://www.bluefrogplumbing.com/northeast-houston?utm_source=google&utm_medium=organic&utm_campaign=gbp,
Houston Plumbers,http://houstonpremierplumbers.com/,
Plumb Pro Services,https://www.plumbproplumbingservices.com/,
Bacon Plumbing Heating Air Electric,https://www.everyonelovesbacon.com/houston/spring-tx/?utm_source=gbp&utm_medium=organic&utm_campaign=spring,
Plumb Perfect,https://myplumbperfecttx.com/,
"Steddy Plumbing, LLC",https://www.steddyplumbing.com/,
JBS Plumbing Services Inc,http://www.jbsplumbingservices.com/,
New Gen Plumbing LLC,https://www.newgenplumbing.net/,
Fast Track Plumbing LLC,https://fasttrackplumbingllc.com/,
Zoom Drain,https://www.zoomdrain.com/north-houston/,
HDP Commercial Plumbing,http://hdptx.com/,
"Team Enoch: Electric, Plumbing, Air, Roofing",https://teamenoch.com/houston/,
Long's Plumbing Services,https://www.longsplumbingservices.com/,
MGP Services,http://mgpservices.com/,
PV Plumbing Services,https://pvplumbingtx.com/,
"Direct Service, Construction & Design",https://www.directteam.com/,
Nicholson Plumbing LLC,http://www.nicholsonplumbingtx.com/,
Pegasus Plumbing,https://www.pegasusplumbingllc.com/contact/,
Skelly Plumbing,http://www.skellyplumbing.com/,
Joe the Plumber,http://joetheplumber.net/?utm_source=organic&utm_medium=listing&utm_campaign=gmb,
The Lindsay Company Plumbing,http://www.lindsayplumbing.com/,
KT Plumbing of Spring,http://www.ktplumbingspring.com/,
"J & G Plumbing Services, LLC.",https://www.jgplumbershouston.com/,
Rosenberg advanced plumbing,https://advancedplumbing.site/?utm_campaign=gmb,
FYI Plumbing Electrical & HVAC,https://fyi.group/,
Chaparral Plumbing,https://chaparralplumbing.com/,
Tri Tek Plumbing,https://tri-tekplumbing.com/,
Lucio Plumbing,https://lucioplumbing.com/,
King James Plumbing,https://kingjamesplumbing.com/,
Warren's Plumbing LLC,https://www.warrensplumbing.com/,
"Plumbing and Drain Innovations, LLC",https://www.pdi-llc.com/,
Family Plumbing,https://www.familyplumbingtx.com/,
Plumbers Of Houston LLC,http://plumbersofhoustonllc.com/,
Plumbing Right Now Inc.,https://www.plumbingrightnowinc.com/,
Gilmore Plumbing & Rooter,https://gilmoreplumbinghermosabeach.com/,
plumbersspring,https://plumbersspring.com/,
Bey's AC And Plumbing,https://beysservices.com/,
CW Plumbing Service,https://cwplumbingservice.com/,
"Spencer’s Plumbing Services LLC | Emergency Plumber, Drain Cleaning, Sewer Repair, and Water Heater Installation Houston, TX",https://spencersplumbingservices.com/?utm_source=google&utm_medium=gbp&utm_campaign=google_business_profile&utm_content=profile_link,
Ace Septic & Plumbing Co,https://acesepticasap.com/,
Lescon Plumbing Inc,http://www.lescon.com/,
Festus Plumbing LLC - PORTER,http://www.festusplumbingtx.com/,
Dayton Plumbing Co LLC,https://www.dayton-plumbingco.com/,
Just-In Time Plumbing Solutions LLC,https://www.justintimeplumbingsolutionsllc.com/,
Rivera Plumbing Services,http://riveraplumbingservices.com/,
Pride Plumbing inc,http://prideplumbing.com/,
CNR Plumbing Inc.,https://www.cnrplumbing.com/,
Touchdown Plumbing and Drain Services,http://www.touchdownplumbing.com/,
Big Johns Plumbing llc,http://www.bigjohnsplumbingllc.com/,
Whitaker Plumbing,http://whitakerplumbingtx.com/,
United Plumbing Group LLC,https://unitedplumbinggroup.net/,
Last Plumbing Company,http://lastplumbingcompany.com/,
Plumbing Stafford TX,http://plumbingstaffordtx.com/,
YB Plumbing Services LLC- Sewer & Drain Cleaning,https://plumbershouston-tx.com/index.html,
Aquarius Home Service,http://www.aquariushomeservice.com/,
Alan Burkhalter Plumbing,http://www.alans.plumbing/,
1st Choice Plumbing and Repipe,http://1stchoiceplumbingandrepipe.com/,
WA Plumbing Service,https://waplumbings.wixsite.com/waps,
Armatex Plumbing Company,http://armatexplumbing.com/,
Mock Plumbing Repairs,https://mockplumbing.com/,
Byron Plumbing Services,http://byron-plumbing.com/,
B & P Plumbing,https://bandpplumbing.com/,
Apple Plumbing LLC,https://www.appleplumbingtx.com/,
"A & D Plumbing, Inc",https://www.adplumbingkaty.com/,
Cinco Ranch Plumbing,https://www.cincoranchplumbing.com/,
Sienna Plumbing,https://www.siennaplumbing.com/,
Plumber Mission Bend TX,http://missionbendplumber.com/,
Rosenberg Plumbing Service,http://www.rosenbergplumbing.com/,
Clear Lake Plumbing,http://clearlakecityplumbing.com/,
"Heaton Plumbing, Inc.",https://heatonplumbing.com/,
Deer Park Plumbing and Maintenance Inc.,https://deerparkplumbing.my.canva.site/,
RLC Plumbing,https://www.rlcplumbingpros.com/,
Allen Family Plumbing LLC,https://a-plumbingllc.com/,
Chief Plumbing Services,http://takechargelikeaboss.com/,
Mc Lain Plumbing LLC,https://mclain-plumbing.com/,
"Vega Plumbing Solutions, Inc.",https://www.vegaplumbingsolutions.com/,
Bayside Plumbing Services,http://www.baysideservicesllc.com/,
MJ Plumbing,http://mjplumbingtx.com/,
Brick Plumbing,https://www.brickplumbingtx.com/,
Backbone Plumbing,https://www.backboneplumbinghtx.com/,
Inheritance Plumbing LLC,http://inheritanceplumbing.com/,
Bics Plumbing Service,http://www.bicsplumbing.com/,
TD Plumbing LLC,https://tdplumbingllc.com/,
FannCo Plumbing LLC,http://fanncoplumbing.com/,
Rhino Tech Plumbing LLC,http://rhinotechplumbing.com/,
A-Better Plumbing LLC,https://abetterplumbingllc.com/,
Excalibur Plumbing Pearland,https://www.excaliburplumbingpearland.com/,
Pearland Plumbing Company,http://www.pearlandplumbingco.com/,
PipeElectric - Plumbing & Electrical - HVAC,https://pipeelectric.com/,
RFW Plumbing,http://rfwplumbing.com/,
Kings Plumbing Service Houston,https://kingsplumbingservicehouston.blogspot.com/,
Houston Northwest Plumbing,http://hnwplumbing.com/,
Mcbride Plumbing,https://mcbride-plumbing.com/,
"Old Glory Mechanical, LLC",http://www.ogmtx.com/,
"Jarrar & Company Services, Inc.",http://www.jarrarandcompany.com/,
Universal Home Experts,https://www.universalhomeexperts.com/?utm_source=GMB&utm_medium=organic&utm_campaign=houston,
Meistad Plumbing Co Inc,https://meistadplumbing.com/,
Alvites Plumbing,http://alvitesplumbing.com/,
Blanco Brothers Plumbing & Drains,https://blancobrosplumb.com/?utm_source=GBPlisting,
Triumph Plumbing Services LLC,http://www.triumphplumbingservices.com/,
Extra Mile Plumbing,https://extramileplumbingtx.com/,
"APS Building Services, Inc",http://www.apsbuildingservices.com/,
Simon Says Plumbing & Drain,http://simonsaystexas.com/,
plumberspearland,http://plumberspearland.com/,
"Raven Mechanical, LP",http://www.ravenmechanical.com/,
On Point Plumbing Electrical Heating & Air,https://www.onpointcontractinginc.com/,
Plumb Right Plumbing,https://contractorfinder.bradfordwhite.com/contractors/plumb-right-3744-cypress-tx,
"Paramount Plumbing Services, Inc.",https://paramountpsvcs.com/,
Renaissance Man Plumbing,https://residentialplumbinghouston.com/,
Go Green Plumbing,http://www.cypressplumber.net/,
Trenchcore Plumbing Septic & Grease,https://trenchcore.com/,
Best Plumbing,https://www.bestplumbing.net/,
Texans Water Heaters,https://texanswaterheaters.com/,
"Harris Plumbing Services, LLC",https://harrisplumbingtx.com/,
MTW Pipeworks,http://mtwpipeworks.com/,
PGS Plumbing Cypress,http://plumbingcypress-tx.com/,
10 Point Plumbing,https://10pointplumbing.com/,
Expedite Plumbing,http://expediteplumbing.net/,
Greenhouse Plumbing Solutions LLC,http://ghphouston.com/,
Texas Strong Plumbing LLC,https://www.texasstrongplumbing.com/,
JBG Plumbing,http://jbgplumbingtx.com/locations/texas/houston/,
True North Plumbing Company,http://www.truenorthplumbingcompany.com/,
Plumbers Local Union No. 68 Group Protection Plan and Benefit Office,https://plu68benefitfunds.com/about-us/,
RMS Plumbing,https://rmsplumbingtx.com/,
Tx-Star Plumbing,http://tx-star.plumbing/?utm_source=gmb&utm_medium=referral,
plumbernearme.,http://creatormedia.us/,
Clear Way Plumbing,http://clearwayplumbingtexas.com/,
Service Squad,http://www.servicesquads.com/,
Houston Plumbing and Gas LLC,https://www.houstonplumbingandgas.com/,
Gladstone Plumbing Co,http://gladstone-co.jany.io/,
1st Plumber Katy TX,http://www.1stplumberkatytx.com/,
"Polsgrove Plumbing Services, LLC",http://www.polsgroveplumbing.com/,
Accurate Leak and Line - Houston,https://www.accurateleak.com/houston/?utm_source=gbp&utm_medium=organic&utm_campaign=gbp-listing&utm_content=houston-location,
The Trade Society,http://www.thetradesociety.com/,
"Lone Wolf Plumbing, LLC",https://lonewolfplumbing.com/,
Triple A Plumbing Service LLC,https://tapspros.com/,
Southern Plumbing Services,https://www.southernplumbing.com/,
Repipe Plumbing Sewer & Drain Services,http://repipeplumbingservices.com/,
Dee's Plumbing,http://www.deesplumbing.com/,
Eagle Plumbing Company,http://www.eagleplumbingcompany.com/,
MR. Jan Right Plumbing and Rooter,https://mr-jan-right-plumbing-and-rooter.business.site/?utm_source=gmb&utm_medium=referral,
PRO MASTER PLUMBERS,http://promasterplumbers.com/,
American Plumbing & Maintenance,http://americanplumbingandmaintenance.com/,
DGO Plumbing Services,https://dgoplumbingservices.com/home-1111,
Westgate Plumbing Services,https://westgateplumbingservices.com/deerpark-tx/,
First Choice Plumbing,https://firstchoiceplumbingtx.com/,
Du-West Total Plumbing,https://www.du-west.com/houston/plumbing/?utm_source=GBP&utm_medium=organic&utm_campaign=googlebusiness,
TX Pasadena Plumbing,http://txpasadenaplumbing.com/,
Kramer Plumbing & Drain,https://kramerplumbingcloverleaf.com/,
Mr. Plumber Quality Solutions,https://mrplumber.services/,
Plumbing Source LLC,http://www.plumbingsourcellc.com/,
Starkey Plumbing Co,http://www.starkeyplumbing.com/,
Relentless Plumbing LLC,http://relentlessplumbingtx.com/,
Pat's Plumbing Services,http://www.patsplumbingservices.net/,
"RG Plumbing, Inc.",http://www.rgplumbinginc.com/,
Well-Flo Plumbing LLC.,http://wellfloplumbing.com/,
Channelview Plumbing Inc.,http://channelviewplumbing.net/,
"All Points Plumbing, LLC",https://www.allpointsplumbing.net/,
Grand Oaks Plumbing & Drain,https://www.goplumbingdrain.com/?utm_campaign=gmb,
Freedom Plumbing and Drain Services LLC,http://www.freedomplumbingdrain.com/,
Infield Plumbing LLC,https://www.infieldplumbing.com/,
"Villa Plumbing Solutions, LLC",http://www.villaplumbingsolutionsllc.com/,
"Bluewater Plumbing, LLC",https://bluewaterplumbingtx.com/,
JT of Houston Plumbing,https://jthplumbing.com/,
By The Book Plumbing | Spring TX Plumbing,https://www.bythebookplumbing.com/,
Aquatrails Plumbing LLC,https://aquatrailsplumbing.com/,
Woodlands Plumbing & Air,http://thewoodlandsplumbingandair.com/?utm_source=Google&utm_medium=GBP&utm_campaign=Organic_GBP_Woodlands,
The Woodlands Plumbing Company,http://www.woodlandsplumbing.com/,
Woodlands Plumbing Services,https://www.woodlandsplumbing.net/,
Kross Plumbing,http://www.krossplumbing.com/,
Dr. Rescue Home Services,https://drrescue.com/?utm_source=organic&utm_medium=gbp_listing,
"Trusted Plumber in Spring, TX | MAP Plumbing Services LLC",https://www.mapplumbingservices.com/,
Tradition Services,https://www.traditionservices.com/,
Experienced Plumbing Company LLC,http://experiencedplumbingco.com/,
"Affinity Hot Water Technology, Inc.",http://www.713hotwater.com/,
U-GOT-FLOW-PLUMBING,https://ugotflowplumbing.com/,
Red Lion Plumbing,http://www.redlionplumbing.com/,
American Leak Detection of Houston,https://www.americanleakdetection.com/houston/,
CLARKE PLUMBING,https://www.clarkeplumbing.net/,
Vintage plumbing services,https://vintageplumbing.net/,
Saye Plumbing Contractors Inc,http://sayeplumbing.com/,
Beltway Plumbing LLC,http://beltwayplumbingpros.com/,
Houston Premier Plumbing,https://houstonpremierplumbing.com/,
GarSan Plumbing Services LLC,http://garsanplumbingservices.com/,
Sentinel Plumbing LLC,https://www.sentinelplumbingllc.com/,
Serna's Plumbing LLC,https://sernasplumbing.com/,
T&Z ALL Services,http://www.allserviceshouston.com/,
Kae Edward Plumbing,https://kaeedwardplumbing.com/,
Good Call Plumbing,http://www.goodcallplumbingtx.com/,
Hartford Services,http://www.hartfordservices.com/,
"Regency Plumbing Contractors, L.P.",http://www.regencyplumbing.com/,
Berman Plumbing & Drain,https://bermanplumbingpearland.com/,
Jerry Collier Plumbing,https://www.jerrycollierplumbing.com/,
Dalton Air Conditioning & Heating,https://www.daltonairandheat.com/?utm_source=google&utm_medium=organic&utm_campaign=gbp,
Service Experts Houston,https://www.churchservices.com/?utm_source=google-business-profile&utm_medium=organic&utm_campaign=business-listing&utm_content=church,
Water Heaters Leaking Dallas TX,http://waterheatersleaking.com/,
Pauls Plumbing,http://www.theppman.com/,
K & S Plumbing,https://www.kands-plumbing.com/,
Kilgore Industries,https://kilgoreind.com/locations/houston/,
Coastal bend companies,http://coastalbendcompanies.com/,
Rocket Rooter LLC,https://www.rocketrooterllc.com/,
Olshan Foundation Repair,https://www.olshanfoundation.com/?utm_source=google&utm_medium=organic&utm_campaign=gmbhouston,
El Primo Lalo Plumbing,http://elprimolalo.com/,
Fast Response Plumbers Cypress,http://fastresponseplumberscypress.com/,
Plumbing of Cypress,http://plumbingofcypress.com/,
GCS Backflow Services Inc,http://www.gcsbackflow.com/,
We Do Repipes,https://wedorepipes.com/,
Westpoint Plumbing,https://plumberinkatytexas.com/,
USA Under Slab Plumbing,https://under-slab-plumbing.com/,
Treasure Homes Designs - Plumbing services,https://treasurehomesdesigns.com/,
"Aba One Plumbing , Heating & Air",https://www.abaoneplumbing.com/,
Greater Star Plumbing & More,https://greaterstarplumbin.wixsite.com/greater-star-plumbin,
SKYLER'S PLUMBING L.L.C.,http://www.skylersplumbing.com/,
Clogmaster Plumbing,https://clogmastertx.com/,
New Tex Plumbing,https://newtexplumbing.com/,
Pipe Craftsman - Residential & Commercial Plumbing Services,https://www.pipecraftsman.com/home,
Ambrose Plumbing,https://ambroseplumbingwoodlands.com/,
Wheeler Plumbing & Drain Experts,https://wheelerplumbingwoodlands.com/,
plumbersthewoodlands,https://plumbersthewoodlands.com/,
Edmond’s Rooter-Man Plumbers,https://www.rootermantx.com/?utm_source=google&utm_medium=organic,
Priority 1 Plumbing & Air Conditioning Inc,https://priority1plumbingtx.com/,
24/7 Houston Plumbing Experts,http://247houstonplumbingexperts.com/,
One Hour Air Conditioning & Heating® of Houston,https://www.onehourheatandair.com/houston/?utm_source=organic&utm_medium=GBP&utm_campaign=gbp_main,
B&B BIG BOSS FOUNDATION REPAIR & PLUMBING,http://bigboss.foundation.plumbing/,
Ell-Dee Plumbing Co.,https://www.elldeeplumbingco.com/,
Smart Comfort Services,http://smartcomfortservices.com/,
"Texas Same-Day Air Conditioning, Heating & Plumbing",https://www.samedayac.com/,
"Master AC and Heat, LLC- The Heights",http://masteracandheat.com/,
Hausler Plumbing,http://www.hauslerplumbing.com/,
AquaPath Drainage & Plumbing Services,http://www.texasdarainageandplumbing.net/plumber-houston,
Klein Plumbing Services Inc.,http://www.kleinplumbingservices.com/,
"Blalock Landscaping & Drainage, Inc",http://www.blalockdrainage.com/,
Ethan Clark Air Conditioning,http://www.ethanclark.com/,
Geo Contractors LLC,http://geocontractorsllc.com/,
OnPoint Mechanical LLC,https://www.opmech.com/,
Three Amigos General Contractor,http://www.threeamigostexas.com/,
TL Techs A/C & Electrical,https://tltechs.com/,
Custom Air Products & Services Inc,http://customairproducts.com/,
Dura Pier Foundation Repair,https://www.durapier.com/,
On The Way AC Plumbing & Electric,https://www.onthewaypros.com/?utm_source=google&utm_medium=business_profile&utm_campaign=website,
C & R Plumbing,http://www.candrplumbingalvin.com/,
Anthony Brooks Plumbing,https://www.anthonybrooksplumbingtx.com/,
Bazil Air Conditioning and Heating,https://www.bazilac.com/?utm_source=gmb&utm_medium=organic&utm_campaign=gmb,
H-Town AC Repair HVAC services Houston,https://htownacrepair.com/,
"Gray Mechanical Contractors, LLC",http://www.graymechanical.com/,
Houston Prime Plumbing Solutions,https://solidstreamgroup.com/,
Aire Serv of Central & West Houston,https://aireserv.com/central-west-houston/?cid=LSTL_ASV-US000187&utm_source=gmb&utm_campaign=local&utm_medium=organic,
Spurlock Plumbing,https://www.spurlockplumbing.com/,
Clear Pipe Plumbing,http://clearpipeplumber.com/,
Texas American Air,https://texasamericanair.com/,
"Graves Mechanical, Inc",http://gravesmechanical.com/,
Houston Air Duct Cleaning,https://www.houstonairductcleaning.com/,
Frank's Plumbing,https://franksplumbing.net/,
Flo Cam Plumbing Inc,http://flocamplumbing.com/,
Water Heater Repair Galena Park TX,http://waterheaterrepairgalenapark.com/,
C&A Plumbing & Septic Solutions,http://www.c-aplumbing.com/,
Repipe Solutions Inc - Pasadena Repipe & Plumbing Company,https://www.repipesolutionsinc.com/pasadena-texas-repiping-company/,
Clean Air Houston Pro,https://cleanairhoustonpro.com/,
Air Of Houston,https://www.airofhouston.com/?utm_campaign=gmb,
Goodall plumbing company,https://goodallplumbingcompany.com/,
PowerPro HVAC & Electric,https://www.powerprotx.com/,
Texas Hydro Jetting & Drain,https://texashydrojetting.com/?utm_campaign=gmb,
Water Heater Repair Missouri City TX,http://waterheaterrepairmissouricity.com/,
FP Plumbing TX - Pearland Plumbing Services,http://www.fpplumbingtx.net/,
Clean Air Pro Services,https://www.cleanairprotx.com/,
Straus Systems Inc,http://straussystems.com/,
"Integrity Plumbing, LLC",http://www.integrityplumb.com/,
Trademark Home Services,https://www.trademarkhomeservices.com/?utm_source=GMB&utm_medium=organic&utm_campaign=sugarland,
CS Mechanical Co,https://www.csmechanical.co/,
UrbanFlow Plumbing Houston TX,https://flowdiscoversolutions.com/,
Plumber Elite of Pasadena TX,https://plumberelitepasadenatx.com/,
J & R Plumbing Service and Repair LLC,http://www.jrplumbingpasadena.com/,
MJA Service,http://mjaservice.com/,
plumbingpasadenatx,http://local-hvac-expert.com/Pasadena-tx,
PlU mberinclearlake,https://plumberinclearlake.com/contact-plumber-clear-lake.html,
Apt Plumbing,http://member.plumbingnetworks.com/Apt-Plumbing-Company,
Spring Branch AC,https://www.springbranchac.com/,
True North Strategic Plumbing,http://truenorthstrategicplumbing.com/,
"Greater Houston Plumbing, LLC",http://www.greaterhoustonplumbingservices.com/,
"Polk Mechanical Company, LLC",http://www.polkmechanical.com/contact/,
HAR-CON Mechanical Contractors,https://har-con.com/,
Plumbing Works Houston,https://plumbingworkshou.com/,
Mr. Rooter Plumbing of Jersey Village,https://www.mrrooter.com/jerseyvillage/?cid=LSTL_MRR000199&utm_source=gmb&utm_campaign=local&utm_medium=organic,
Comflow Mechanical Services,http://www.comflowco.com/,
G.U.R. Services LLC,https://gurservices.com/,
"Love Air Conditioning, Heating & Plumbing",https://www.loveair.net/,
Coastal HVAC Supply - Houston Northcourt,http://www.coastalhvacsupply.com/,
"js & ag plumbing works, llc",http://www.jsandagplumbingworksllc.com/,
"J & S Mechanical Contractors, Inc.",http://www.jandsmechanicalhouston.com/,
TSP Texas Specialty Products,http://www.txsp.com/,
Scott Drilling Inc,http://www.scottwaterwell.com/,
Matrix Construction Services,https://matrixsvc.com/?utm_source=google&utm_medium=organic&utm_campaign=GBPHouston,
E & A Fixtures Installation Service,http://aefixturesinstallatioservices.net/,
Moe's Plumbing LLC,http://contactmoesplumbing.com/,
Ozark Services,http://www.ozarkair.com/,
Air City AC & Heating LLC,https://www.aircityacandheating.com/,
Hydro Services,https://www.hydroserviceshouston.com/,
Letsos Company,http://letsos.com/,
Hydro Jetting and Drains Houston,https://txhydrojetting.com/,
Aura Service Pro,https://auraservicepro.com/,
Steam Express,https://steam-express.com/,
Comfort Star Ac Repair,https://www.comfortstaracrepairhouston.com/,
"Scanlan & Sons Plumbing, Heating and Air Conditioning Co.",http://host.trustab.org/scanlanandsonsplumbing,
"Ogh Services, INC.",https://www.oghservices.com/,
HTXpress Handyman,https://plumbingsvc-tx.com/,
plumbermissionbend,https://plumbermissionbend.com/contact-us.html,
"Sapient Plumbing & Remodeling, LLC",https://sapientplumbing.com/,
Texas Strong Mechanical,https://texasstrongmechanical.com/hvac-services/hvac-repair-company-houston/?utm_source=organic&utm_medium=gmb,
"Silver Spur Air, Heating, & Plumbing of Houston",https://silverspurhome.com/hvac-area/humble/?utm_source=google&utm_medium=organic&utm_campaign=gbp,
NexPro HVAC & Plumbing,https://www.nexproac.com/,
Triple J Plumbing Services LLC,https://www.triplejplumbingservices.net/,
Texas Gulfcoast Air Conditioning,http://txgcac.com/,
J.A.M Plumbing Company Pasadena TX,https://jamplumbingco.com/,
Reisch Plumbing Services LLC,http://reischplumbing.com/,
Mr. Reliable Heating & Air,https://www.callmrreliable.com/?utm_source=google&utm_medium=organic&utm_campaign=gbp_profile&utm_content=website_button,
The Lee Thompson Co,https://www.leethompsonac.com/,
Excel Air,http://www.excelairconditioning.com/,
Cool Techies,https://www.cooltechies.com/?utm_source=gbp,
Bellaire Air Conditioning,https://www.bellaireair.com/?utm_source=google&utm_medium=organic&utm_term=gbp,
Houston A/C and Heating,http://www.mirtron.com/,
Modern Air of Katy,https://modernairofkaty.com/,
Be Cool AC & Heating,https://becoolachouston.com/?utm_source=google&utm_medium=organic&utm_campaign=gbp-listing,
Texas Fresh Air,https://texasfreshairhvac.com/,
Air Rey - Houston,https://www.airreyservice.com/service-areas/houston,
Punbar Air,https://www.punbarair.com/,
Marcos' AC & Heating Services,https://marcosac.com/,
Royal Air Houston,https://www.royalairhouston.com/,
"Northwind Air Conditioning, Heating & Mechanical Services",https://www.northwindac.com/,
"All American AC & Heating, LLC.",https://allamericanacandheat.com/,
Houston Smart Air Cooling and Heating,https://www.houstonsmartair.com/,
Richmonds Air,https://www.richmondsair.com/?utm_source=gmb&utm_medium=website,
"Air Current AC & Heat, LLC",https://www.aircurrenthouston.com/,
Houston HVAC,http://www.callhoustonhvac.com/,
AIRTEAM Heating & Cooling,http://www.airteamltd.com/,
Revolution Air,http://www.revairtx.com/,
Ace Comfort Air Conditioning & Heating,http://www.acecomfort-tx.com/,
Air Check Mechanical Services,https://aircheckms.org/,
Reliable HVAC,https://reliable-hvac.com/,
P & M Air Conditioning and Heating,https://pmhvac.com/?utm_source=google&utm_medium=organic&utm_campaign=gmb,
Valderrama A/C & Refrigeration,https://www.valderramainc.com/,
Service Company,https://championandnash.com/aircon,
"Bayou City Aire, LLC",http://www.bayoucityac.com/,
Baker-Jones Co. Inc,http://baker-jones.com/,
Cool Care Heating and Air Conditioning,https://www.coolcareac.com/?utm_source=gbp&utm_medium=organic,
Doctor Cool & Professor Heat,https://doctorcool.com/?utm_source=Google&utm_medium=GBP&utm_campaign=Organic_GBP_Doctor_Cool,
"Bob's Air Conditioning, Heating & Electrical",https://bobsacandheat.com/?utm_source=google-gbp&utm_medium=organic&utm_campaign=*404*bobs-air-league-city,
"Daryl's A/C & Heating, LLC",http://acrepairman.com/,
Big Texas Comfort of League City,https://www.bigtexascomfort.com/hvac-league-city-tx/,
J. Tullos Services,http://jtullosservices.com/,
"A-Team's A/C & Heating, LLC",http://ateamsac.com/,
Platinum Air,https://www.platinumairleaguecity.com/,
Mackey Services,https://mackeyservicestx.com/?utm_source=google&utm_medium=organic&utm_campaign=GMBListing-Dickinson-TX,
Spears AC & Heating,https://www.spearsairconditioning.com/hvac-contractor-league-city-tx,
Aairco Service Company,http://aaircoservicecompany.com/,
Total HVAC Houston,https://greaterhoustonhvac.com/,
ASAP AIR A/C and Heating,https://www.asapairhoustonac.com/,
75 Degree AC- Houston,https://75degreeac.com/?utm_source=google-gbp&utm_medium=organic&utm_campaign=75degreeac-houston,
Space City Mechanical,http://www.spacecityhvac.com/,
SouthCoast Heat & Air,https://ashandb.com/our-company/southcoast-santafe/,
"Heights A/C & Heating, LLC.",http://www.heightsacandheating.com/,
Just-N-Time AC and Heating,https://www.justintimeaircondition.com/?utm_source=google&utm_medium=business_profile&utm_campaign=website,
Uptown Heating & Air Conditioning,https://www.uptownac.com/,
Priority AC & Heat,http://www.priorityacandheat.com/,
Morgan Pro Services,https://www.morganproservices.com/,
Southern Comfort Heating & Air Services,https://callsoutherncomfort.com/service-area/houston-tx/?utm_source=google&utm_medium=organic&utm_campaign=gbp_houston,
Air-32,https://air-32.com/,
Air Star Now,https://www.airstarnow.com/,
Topnotch Air Systems LLC,https://topnotchairsystems.com/,
AC Comfort,https://www.accomfort.us/?utm_source=gbp&utm_medium=organic,
TemperaturePro Katy-Cypress,https://www.blitzproservices.com/service-area/cypress-tx/?utm_source=google&utm_medium=organic&utm_campaign=gbp,
RLC Services,http://rlcservicestx.com/,
Lovejoy Mechanical Contractors,https://lovejoymech.com/,
Temperature Solutions A/C and Heating,https://www.temperature-solutions.com/,
Wray's Air Conditioning & Mechanical Services,http://wraysac.com/,
The Local A/C Guy,https://thelocalacguy.com/,
Coastal Hankla A/C & Heat,http://coastalairandheat.com/,
Abel Mechanical Services LLC,https://www.abel-ac.com/,
HVAC 247 Pro,https://hvac247pro.com/?utm_campaign=gmb,
Hexagon Air & Heat,https://www.hexagonhvac.com/,
The Cool Dude AC & Heating,http://www.cooldudeac.com/,
Blueleaf Air Conditioning & Heating,https://callblueleafhvac.com/,
M&S Mechanical for AC and Heating,https://ms-mechanical-ac.com/,
"HVAC HEROES, LLC",https://hvacheroestx.com/,
Air Tech of Humble - Elite Comfort,https://www.airtechofhumble.com/locations/humble-tx/?utm_source=google-gbp&utm_medium=organic&utm_campaign=*20*air-tech-humble,
American HVAC Staff LLC,http://www.americanhvacstaff.com/,
Dave Lane's Hi-Tech Mechanical Inc.,http://www.davelaneair.com/,
Premier Air Conditioning & Heating,http://www.premieracandheat.com/,
House Pro Air Conditioning,https://www.houseproac.com/?utm_source=GBP&utm_medium=organic,
Houk Air Conditioning Houston,https://houkac.com/service-areas/houston/?utm_source=gbp&utm_medium=organic,
Expert Air Cooling & Heating,http://www.expertairco.com/,
Gentle Air,https://gentleair1.com/,
Uni-Serve Air Conditioning,http://www.uniserveac.com/,
Blue Label Services,https://bluelabeltoday.com/,
"Elite Home Experts, LLC",https://www.elitehomexp.com/,
Mr Rogers Heating & Air Conditioning Services,http://www.mrrogersac.com/,
24 Seven AC,https://24sevenac.net/?utm_campaign=gmb,
Rotex Ac and Heating,https://rotex-hvac.com/new-air-conditioning/,
"Air Texas Mechanical, LLC.",http://airtexasmechanical.com/,
Smart A/C Services,https://smartacservices.com/?utm_source=GMBlisting&utm_medium=organic,
Taurus Mechanical Inc,https://taurushvac.com/,
Jackson Air & Heat,https://jacksonairandheatinc.com/,
Texas Industrial Air Services,http://www.tiashvac.com/,
Maxx AC & Heating,http://callmaxxandrelax.com/,
Sun Air Conditioning & Heating,http://www.sunairconditioning.com/,
All Cool A/C & Heating,http://allcoolac.com/,
Air-Ton Heating and AC,https://airtonheatingac.com/?utm_source=organic&utm_medium=website-link&utm_id=google-business-listing,
BVS Home Experts,https://gobvs.com/,
Bosworth Cooling and Heating,https://www.bosworthac.com/?utm_source=google&utm_medium=organic&utm_campaign=gbp,
AAA Appliance Service A/C & Heating,https://www.aaaapplianceservicetx.com/,
Residential AC & Heating ECi,https://residentialach.com/league-city/,
Ferguson HVAC Supply,https://www.ferguson.com/store/tx/league+city/hvac-1027?utm_source=google&utm_medium=organic&utm_campaign=hvac_lis_listingtraffic&utm_content=listing,
ABC Air Of Texas,http://abcairoftexas.com/?utm_source=google&utm_medium=business_profile&utm_campaign=website,
"Mabry's Air Conditioning & Heating, Inc.",https://www.mabryac.com/areas/friendswood,
Facilities Mechanical,https://facilitiesmechanical.com/,
Fintastic Cooling & Heating,https://www.callfintastic.com/?utm_source=google&utm_medium=organic&utm_campaign=gbp,
Neva Corporation,https://www.nevacorp.com/,
Courtesy Air Conditioning & Heating,http://www.courtesyaconline.com/,
KTS Heating and Air & Refrigeration,https://houstonsac.com/?utm_campaign=gmb,
Houston Pure Air,http://www.houstonpureairconditioning.com/,
Atlas Ac Repair LLC,https://atlasacrepair.com/,
Houston Air Services,http://houstonairservices.com/,
Comfort Systems USA South Central,https://comfortsystemsusa.com/locations,
Airtron Heating & Air Conditioning,https://airtron.com/houston/?utm_source=gmb&utm_medium=gmb-organic&utm_campaign=gmb-houston,
Environmental Air Systems Inc,http://www.environmentalair.com/,
AAD Heating & Air Conditioning,https://aadheatingairconditioning.xyz/,
Vibrant Mechanical,https://vibrantmechanical.com/,
ACS Absolute Comfort - Royal Oaks,http://acscomfort.com/,
Houston AC Repair Pros,http://houstonacrepairpros.com/,
HTS Texas,https://www.hts.com/texas/?l=houston,
"MB Mechanical, INC.",http://www.mbairconditioning.com/,
M-Squared Climate Control,https://www.smarthvacpros.com/,
Alief Ultra Mechanical,https://www.aliefheatingandairconditioning.com/?utm_source=google&utm_medium=organic&utm_campaign=gbp,
Houston A/C and Heating Pros,https://houstonairpros.com/,
Abco Air Conditioning & AC Service in Sugar Land TX,https://abcoacandappliance.com/,
Tejas AC & Electrical Co.,http://tejasacelectrical.com/,
Preferred Home Services,https://phshouston.com/,
Air Systems,http://www.airsystemstexas.com/,
South Belt,http://www.southbeltair.com/,
Davis and Son HVAC,https://www.davisandsonhvac.com/,
Bay Area AC Heating & Plumbing,http://bayareaacplumbing.com/,
Houston HVAC Express,http://www.houstonhvacexpress.com/,
Cool Master Air-conditioning & Heating LLC,https://cool-master.us/,
Reliable AC Solutions,https://www.reliableacsolutions.com/,
Hage Energy,https://www.hagenrg.com/,
Gilbert's Air Specialists,http://www.gilbertsac.com/?utm_campaign=gmb,
Central City Air,https://centralcityair.com/,
Arnett Mechanical A/C & Heating,https://www.arnettmechanical.com/?utm_campaign=gmb,
Economical Mechanical Services LLC,https://www.emshvactx.com/,
Jorden's Air Conditioning & Heating,https://www.jordensac.com/,
Reliance Air LLC,https://relianceairllc.com/contact-us,
The Temperature Company,http://www.temperaturecompany.com/,
SA Specialties Houston,http://www.saspecialties.com/,
Ultimate Comfort AC & Heating,https://www.ultimatecomfortac.com/,
McCann Services Inc.,https://www.mccannservices.com/,
Martin Mechanical,http://martinmechanicaltx.com/,
American Pro AC,https://www.americanproac.com/?utm_source=google&utm_medium=gmb-houston,
Comfort Squad Heating & Cooling,https://www.comfortsquadair.com/,
Star Service - A Fidelity Company,https://starservice.com/,
Chimney Rock Service,https://chimneyrockac.com/?utm_source=google&utm_medium=Google_website,
Tony's A/C And Heating,http://www.tonysacheating.com/,
Ignite,http://www.igniteairsystems.net/,
Kemah Air Conditioning Repair,https://www.kemahairconditioningrepair.com/,
Affordable Quality Air & Heat,http://www.affordablequalityairandheat.com/,
M E Brown Air Conditioning Company LLC,https://mebrownac.com/,
"Thompson HVAC Services, LLC",http://www.thompsonhvachouston.com/,
"A-Plus Mechanical Services, Inc.",https://www.aplusac.net/?utm_source=gmb-listing&utm_medium=organic&utm_campaign=website-button,
ColdSolutions,https://www.coldsolutionshvac.com/areas/houston-tx,
Air Dynasty AC & Heating LLC,https://airdynastyac.com/?utm_source=google&utm_medium=gbp&se_campaign=GBP,
Hunton Services,http://www.huntonservices.com/?utm_campaign=gmb,
Bi Polar A/c & Heating L.L.C.,http://www.bipolarac.com/,
Sugar Land AC and Heating,https://sugarlandacandheating.com/,
Jays Refrigeration AC & Heating,http://jaysrefrigerationhouston.com/pages_contact.php,
Cool-it Air Conditioning Heating,https://www.coolithouston.com/,
Strong Tower A/C and Heating,http://www.strongtowerac.com/,
Newmark Air Conditioning,http://www.newmarkac.com/,
Haswani HVAC & Construction,https://haswaniinsurance.com/,
Monte HVAC Services LLC,http://www.montehvacservices.com/,
Brico Air Conditioning Repair Services,http://www.bricoservices.org/,
Texas Heating & Air Solutions LLC,http://texasheatingandairsolutionsllc.com/,
AirSol Air Conditioning and Heating,http://airsolservices.com/,
Bodensteiner Service Inc,https://www.bsiairhouston.com/,
Davis Mechanical Contractors,https://www.davismechanicaltx.com/?utm_source=google&utm_medium=organic&utm_campaign=gbp,
Texas Central Air,http://www.texascentralair.com/,
Houston Heating & Air Conditioning,https://business.google.com/,
249 AIR,https://249air.com/?utm_source=google&utm_medium=organic&utm_campaign=gbp-profile,
MJS A/C and Heating,https://www.mjsairconditioning.com/,
Platinum AC & Heating LLC,http://platinumacandheating.com/,
Dalton Air Conditioning Repair,https://daltonachouston.com/,
J National,https://jnational.com/,
ELL Industries LLC,https://www.ellindustries.com/,
J W East Mechanical,https://www.jweastmechanical.com/,
Air Pro,https://airprohouston.com/,
The Way Companies,http://www.thewaycompanies.com/,
5 Star Repair Services Inc.,https://achouston.com/,
Stafford Air of Bellaire,http://www.staffordac.com/?utm_source=google&utm_medium=organic&utm_campaign=gbp,
Caleb's HVAC Cooling & Heating LLC,https://calebshvac.com/,
Bayside Mechanical Contractors,http://baysidemechanicalcontractors.com/,
EZ Comfort Air Conditioning & Heating,https://www.ezcomfortac.com/,
Royal HVAC Services LLC,https://royalhvac.services/,
AC Repair Expo Heating & Cooling Inc.,https://www.springacservice.com/spring-tx-hvac-wied-rd?utm_source=google&utm_medium=organic&utm_campaign=gbp_wied_rd,
Cosmic Air Conditioning and Heating LLC,https://www.cosmicairconditioning.com/,
Ainsworth & Co.,https://www.ainsworthac.com/?utm_source=google&utm_medium=organic&utm_campaign=gbp-profile,
Happy Air LLC,https://happyairhvac.com/?utm_source=google&utm_medium=organic&utm_campaign=gbp,
Legacy Mechanical Solutions,http://www.legacymechanicals.com/,
Air Comfort Solutions LLC,https://aircomfortpros.com/?utm_source=omg-gbp&utm_medium=webclick,
Air Woodlands A/C and Heating,https://airwoodlands.com/,
"Ainsworth Cooling & Heating, Inc.",https://ainsworthcooling.com/,
Kingwood Air Solutions,http://kingwoodairsolutions.com/,
"Prestige Heating and Air Conditioning, LLC",http://prestige-ac.com/,
AIRFIX LLC Air Conditioning & Heating,http://www.airfixllc.com/,
Absolute Cool Air,https://www.absolutecoolair.com/,
Cold Front A/C Of The Woodlands,https://www.coldfrontacofthewoodlands.com/,
Velocity Air A/C & Heating,http://velocity-air.com/,
Backslee Air Conditioning Services,http://backsleeac.com/,
Tom's Quality Comfort Air & Heat,https://www.tomsqualitycomfort.com/,
Air Majesty A/C & Heating,https://www.airmajesty.com/,
Guy’s Air Conditioning & Heating,https://guysac.com/,
Madd Air Heating & Cooling,https://maddair.com/?utm_source=GMB&utm_medium=organic,
West Lake Houston AC & Heating,http://www.westlakehoustonhvac.com/,
AACANN Mechanical Inc.,https://www.aacann.com/,
Otis Heating & Air Conditioning,http://www.otisac.com/,
Cool Comfort Solutions,https://www.coolcomfortsolutions.com/?utm_source=google&utm_medium=organic&utm_campaign=gbp,
Avatex Service Company,https://www.avatexservicecompany.com/,
Independent A/C Refrigeration,https://iacrefrig.com/,
Houston North Airconditioning,http://www.houstonnorth.com/,
Amazing Morrow,https://amazingmorrow.com/?utm_source=google&utm_medium=organic&utm_campaign=google_business_profile,
Houston Admiral Air,http://goadmiral.com/,
Bruce Mech Air Conditioning and Heating,https://brucemechanicalhvac.com/,
Cooper Air Service,http://www.coopercool.com/,
Crew Heating & AC Repair,https://crewairconditioning.com/ac-repair-humble-tx/?utm_source=google&utm_medium=organic&utm_campaign=gmb,
Aaron Mechanical Air Conditioning & Heating,http://aaronmechanical.com/,
Air Conditioning Houston,http://ac-hou.com/,
All Electric & Air Conditioning,https://www.allelectricandairconditioning.com/,
Dynamic Flow AC & Heating,https://www.dynamicflowhvac.com/,
COVINGTON COMFORT A/C & HEATING,http://covingtoncomfort.com/,
All American Mini Split Installers,https://www.allamericanminisplitinstallers.com/huffman/,
Houston Premier Airflow,http://houstonpremierairflow.com/,
JBS Refrigeration,http://jbscooling.com/,
Asap Hvac,http://www.asaphvac.com/?utm_source=google&utm_medium=organic&utm_campaign=GMBListing-Spring-TX,
Air Monkey Air Conditioning & Heating,https://airmonkeyac.com/?utm_source=GMB&utm_medium=organic,
Red Star Cooling & Heating,https://redstarair.com/,
Easco Air Conditioning and Heating,https://www.eascoair.com/,
Halco Mechanical,https://www.halcoac.com/,
"JMV Air Solutions, LLC",https://jmvairsolutionsllc.com/,
Houston A/C Solutions,https://houstonacsolutions.com/,
Windsanity Mini Split,https://www.windsanity-mini-spli.com/,
Sears Heating and Air Conditioning,https://www.searshomeservices.com/repair/hvac-repair-service?utm_campaign=GMBhomeimprovement&utm_medium=organic&utm_source=GMBlisting&SID=1034025&phone=3463265214,
Vargas Heating & Cooling Service,https://www.vargasac.com/,
"The A/C Guy, LLC",https://the-ac-guy.com/?utm_campaign=gmb,
Scogin Aire Mechanical Inc.,https://www.scoginaire.com/?utm_source=GoogleBusinessProfile&utm_campaign=Organic,
ATS Mechanical Heating & AC - The Woodlands,https://ats-mechanical.com/the-woodlands-tx/,
Texas Prodigy A/C & Heat LLC,https://texasprodigyac.com/,
New Caney HVAC,http://newcaneyhvac.com/,
The Chill Brothers,https://thechillbrothers.com/ac-installation-and-services-in-spring-tx/,
Texas Comfort Ac And Heating Services,https://texascomfortacservices.com/home,
Henry's Top Notch Air Conditioning & Heating CO.,http://henrystopnotch.com/,
Hudson Mechanical Inc,https://www.hudsonmechanical.net/,
Lone Star HVAC Solutions,http://lonestar-htx.com/,
Unity Cooling Systems Commercial Refrigeration and Hvac houston inc,https://unitycoolingsystems.com/,
Sherman Air Conditioning Experts,https://shermanaccloverleaf.com/,
Fresh AC Tech LLC Air Conditioning & Heating,http://www.freshtechac.com/,
"Air United Mechanical, LLC",https://www.airunited4u.com/,
Aaron Childress Air Conditioning & Heating Company,https://acach.com/?utm_source=google&utm_medium=business_profile&utm_campaign=website,
Quick Fix AC and Heating,https://www.quickfixacandheating.com/,
"MJS Mechanical Services, Inc.",http://www.mjsmechanicalservice.com/,
HVAC Of Houston - AC Repair Service,https://www.hvacofhouston.com/,
Southern Air Solutions,https://www.southernairsolutionsllc.com/,
HB Mechanical Services Inc.,https://www.hbmechanical.com/,
J & V Air Conditioning LLC,https://www.jvaircondition.com/,
963 Wakefield Dr,https://highperformancehomesystems.com/,
G & W Service Company Inc,http://www.gwacservice.com/,
Certified Comfort A/C & Heating Services LLC,https://certifiedcomfortacheating.com/,
CENTRAL AC SUPPLY,https://accentralsupply.com/,
"Frosty HVAC and Heat Solutions, LLC.",http://frostyhvacandheatsolutions1.godaddysites.com/,
68 Degrees HVAC,https://68degreeshvac.com/,
Cooling Technicians,https://coolingtechnicians.com/,
Newport Air Conditioning and Heating,http://www.newportac.com/,
Hernandez HVAC Services,https://hernandez-hvac-services.ueniweb.com/?utm_campaign=gmb,
"Lange Mechanical Services, LP",https://langemechanicalhouston.com/,
Rush Refrigeration,https://rushrefrigeration.com/,
Henry's A/C & Heat,https://www.henrysac.com/,
LOUII'S AC,https://www.louiisac.com/,
Martin Schulze Air Conditioning LLC,https://www.schulzeac.com/,
Fresh Air LP,https://www.freshairinc.com/?utm_source=google-gbp&utm_medium=organic&utm_campaign=*588*fresh-air-richmond,
"Anderz Cooling and Heating, LLC",http://www.anderzcoolingandheating.com/,
Clear the Air Cooling & Heating,http://www.cleartheairac.com/,
Phil's Good A/C & Heating,https://philsgoodhvac.com/,
Colley Refrigeration,https://colleyrefrigeration.com/hvac-contractor-pearland-texas/,
Prime HVAC Services,http://www.primehvacservices.com/,
Stalwart Air Conditioning & Heating Services LLC,http://www.stalwartacandheating.com/,
"Temper Mechanical Air & Heat, LLC",https://tempermechanical.com/,
Terry's A/C And Heating,https://www.terrysacandheating.com/,
Excel Houston A/C & Heating,https://www.excelhoustonac.com/,
Sam Peters Heating and Air LLC,http://sampetersheatingandair.com/,
Master Air Inc.,http://www.masterair.com/,
SouthTex A/C & Heat,http://southtexacandheat.com/,
"EZ Blast AC & Heat, LLC",https://www.ezblastac.com/?utm_source=google&utm_medium=organic&utm_campaign=gbp,
Top Texas Choice,https://toptexaschoice.com/,
Life Ac & Heating Corporation,http://www.lifeacandheating.com/,
Vista Air Services,https://vistaairservices.com/,
Pilo's A/C and Heating,http://pilosair.com/,
PMCS AC & HEATING COMPANY LLC,https://www.pmcsacandheating.com/,
TakeAir Duct Cleaning Specialist,https://takeaire.com/,
Air Revolutions LLC,http://www.airrevolutionsllc.com/,
Master Comfort AC & Heating,https://mastercomfort.net/,
"TEXAS UNITED MECHANICAL, LLC",https://texasunitedmechanical.com/?utm_source=gmb&utm_medium=organic&utm_campaign=gmb,
United A/C - Heating,https://unitedachr.com/,
Uncle Jay's Heating & Air,http://unclejairandheat.com/,
Irish Air Cooling and Heating,https://irishaircoolingandheating.com/,
Easy Steam LLC,https://easy-steam.com/,
Fly HVAC,http://www.flyhvac.com/,
National Air Conditioning & Refrigeration INC,http://www.nationalaircondition.com/,
Air American Solution LLC,https://airamericansolution.com/,
HVAC Expert Solutions A/C & Heating,http://www.hvacexpertsolutions.com/,
All Team Services,http://allteamservices.com/,
Smarter Home Air and Power,http://www.smarterhomeair.com/,
Houston Temperature Control,http://houstontemperaturecontrol.com/,
Easy Flow Services,http://easyflowservices.net/,
Top Star Air Pros,https://www.topstarairpros.com/,
Air Control Solutions,https://www.myaircontrolsolutions.com/,
JD Cooling,https://jdcooling.net/,
Kelley Air Conditioning,http://kelleyairconditioningservices.com/,
Global Air Service,https://globalairservicetx.com/,
"Conditioned Air Mechanical, LLC",https://conditionedairtx.com/,
Pro Attic Insulation&attic services,https://www.proattic.com/,
LJ'S A/C SERVICE LLC,http://www.ljsacservice.com/,
Ruah A/C & Heating,https://ruah-hvac.com/,
Stoffer's Air Conditioning & Heating,https://www.coolingtexas.com/,
Grady's Air Conditioning & Heating Services,https://gradyair.live-website.com/,
32 Below Inc,https://www.32belowinc.com/,
Knights A/C & Heating LLC,https://www.knightsacandheat.com/,
Aaron's AC & Heat,https://aaronsac.com/,
Covar Aircare LLC,https://www.covaraircare.net/,
Earth Power AC and Heat,http://earthpowerac.com/,
"Building Air Service, Inc.",http://buildingairservices.com/,
Mendez air conditioning,http://mendezac.com/,
Payless Cooling & Heating,https://paylesscooling.com/,
Gulf Coast Mechanical,https://www.gulfcoastmechanical.net/,
HRS,https://www.hrsrental.com/?utm_campaign=gmb,
mtz mechanical,https://www.mtzmechanical.com/contact,
Houston Air Conditioning AC & Heating Repair Co.,https://airconditioningandheatingofhoustonco.com/?utm_source=google&utm_medium=organic,
All American Mini Split Installers,http://american-heating-and-airconditioning.com/Pasadenatx,
Cy-Fair Mechanical LLC,http://www.cyfairmechanical.com/,
Texas AC Comfort,http://www.houstonaircomfort.com/,
"Texas Eagle AC and Heating, LLC",https://texas-eagle.com/,
GSM A/C and General Contractor Inc.,https://www.gsmactx.com/,
"Airchampion Air Conditioning, Inc",http://www.airchampion.com/,
Military Air AC and Heating,http://militaryairacandheating.com/,
Total Air Masters A/C & Heating,https://tamtotalair.com/,
Air Tech of Katy,https://www.airtechofkaty.com/locations/katy-tx/?utm_source=google-gbp&utm_medium=organic&utm_campaign=*21*air-tech-katy,
AMS ColdPro,http://www.amscoldpro.com/,
Just Fix It Today,https://justfixittoday.com/locations/houston?utm_source=google&utm_medium=organic&utm_campaign=gmb,
Texan Mechanical AC & Heating,https://texanmechanical.com/,
AC Man Houston,http://www.acmanhouston.com/,
Ideal Air Services,https://www.idealairservices.com/?utm_source=GMBlisting&utm_medium=organic,
Kool Mode AC and Heating,http://koolmodehvac.com/,
Roman Cavalry Comfort,https://romancavalrycomfort.com/,
Bill Anderson Air,https://www.billandersonair.com/,
SAMS HVAC LLC,http://www.sam-hvac.com/,
RDI Mechanical,http://www.rdimechanical.com/,
Jemal's Air Conditioning & Heating,http://jemalac.com/,
Polar Express A/C & Heating,http://www.polarexpresstx.com/,
True Fix A/C & Heating,https://www.truefixairconditioning.com/,
Air Solutions Air Conditioning & Heating,http://www.accypress.com/,
McDaris A/C And Heating Inc,https://mcdarisac.com/,
Texas AC and Heating,http://texasacandheating.com/,
Pure Airways Duct Cleaning Houston,https://www.pureairwayshoustontx.com/,
Golden Rule,https://goldenrulecomfort.com/,
"Dynamic Systems, Inc.",http://dsi.us/,
Hunton Distribution,http://www.huntondistribution.com/,
Obala Air LLC,http://www.obalaair.com/,
"Emergency Air Rental, LLC",http://www.emergencyairrental.com/,
Carriere HVAC-Electric Inc,http://carriereac.com/,
TIME IN AIR,https://www.timeinair.com/,
"Perfected Air Solutions, LLC",https://perfectedairsolution.com/,
Cy-Fair Heating & Air Conditioning LLC,https://cyfairheatingandac.com/,
Trade Services LLC,http://www.tradeserviceshvac.com/,
D Medina’s AC And Heating HVAC Contractor,https://dmedinashvac.com/,
Texas Star Heating & Cooling,https://www.texasstarhvacr.com/,
"Indoor Air, INC.",https://www.indoorairinc.com/,
Air Mechanic Services,https://airmechanicservices.com/?utm_source=google&utm_medium=organic&utm_campaign=gbp,
Multipoint AC & Heating,https://www.multipointacheat.com/,
Airtec Air Conditioning & Heating LLC,https://www.acairtec.com/,
4C AC & Heating Repair,https://4cacandheating.com/,
Morales AC & Heating,http://moralesacandheating.net/,
Horizon Air Solutions,https://www.horizonairsolutions.com/,
A-1 Tops Services,https://www.houston-air-conditioning.com/,
Air Quality Express - Duct Cleaning Houston,https://airqualitytech.com/,
Comfort Home Innovations,https://mycomforthome.net/,
Eddie's Heating and Air,https://www.eddiesheatingandair.com/,
Crump A/C and Heating,https://www.katyacrepair.com/?utm_source=google&utm_medium=gmb,
TEXAS A/C PRO LLC,https://www.texasacpro.com/,
Houston's A/C Express,https://www.houstonsacexpresstx.com/,
Comfort Maintenance Of Houston LLC,https://comfortmaintenanceac.com/,
Edco Mechanical LLC,http://edcomechanical.com/,
JM Mechanical Services,http://jmmechanicalservices.org/,
K&R Mechanical Services,https://krmechanicalsvcs.com/,
Spring Electric and A/C,http://springelectricandac.com/,
Vo's Air Services,https://vosairservices.com/,
Cotemp Inc,https://cotemp.com/,
Texas Air Care Air Conditioning and Heat,https://texasaircare.com/,
RTJ Texas Mechanical LLC,http://rtjtexasmechanical.com/,
Air Bourne Air,https://airbourneairinc.com/,
Houston Metro AC & Heating,http://www.houstonmetroacrepair.com/,
Freedom Power,https://www.gofreedompower.com/,
Chip&Dale Heating & Air Conditioning,https://chipanddaleheatingac.com/,
Bay Air Conditioning LLC,https://www.airconditioningindaytontx.com/about-us/,
Celsius A/C & Heating,https://www.celsiusac.com/,
Cruz Flow Services,https://www.cruzflowservices.com/,
Doctor Home Experts Electrical Heating And Air,https://doctorhomeexperts.com/?utm_source=google&utm_medium=gmb,
Rsc Ac & Heating,https://www.rsc-ac.com/,
"Apex Air Solutions, LLC",https://apexairsolutions.com/,
"Goode Air Conditioning & Heating, Inc.",https://goodeair.com/?utm_source=google&utm_medium=organic&utm_campaign=gbp,
Texas Comfort Systems,https://texascomfortsystems.com/,
Cruz Air & Electric: Humble HVAC Company,https://cruzae.com/ac-service-humble-tx/?utm_source=GMB&utm_medium=organic?utm_source=GMB&utm_medium=organic,
SHC Mechanical,https://www.shcmechanicalllc.com/,
Big Tex Air Conditioning Inc.,http://bigtexair.com/products/products.htm,
Coburn's of Baytown,http://www.coburns.com/,
"Hansco Heating AC & Refrigeration, LTD.",http://www.hanscohvacr.com/,
Aces A/C Supply North,http://www.acessupply.com/,
JE Maintenance and Service,https://www.jemaintenanceandservice.com/,
BFS Home Warranty,https://bfshomewarranty.com/,
Ellison Heating and Air Repair,https://ellisonacsouthhouston.com/,
Airstream Air Conditioning and Heating,https://www.airstream-acservice.com/,
Zero Degree Refrigeration,https://zerodegreerefrigeration.com/contact-houston-hvac-company/,
"Chiller Services, Inc.",http://chillerservice.com/,
Air Conditioning Plus,https://www.thecoolguys.com/,
Commercial & Industrial Heating and Cooling Houston,https://baikalmechanical.com/,
Attic Insulation Experts Houston,https://atticinsulationexpertshouston.com/,
Texas Comfort Experts,http://www.txcomfort.com/?utm_source=google&utm_medium=business_profile&utm_campaign=website,
AOT Mechanical,https://www.aotmechanical.com/,
Jack Gordon & Sons Air Conditioning & Heating,https://www.jackgordonandsons.org/,
The Woodlands Comfort King Air Conditioning & Heating,https://comfortkingac.com/,
Diamond Heating & Cooling Service Repair,http://hvac-repair-guys.com/Dickinson,
Airflow AC & Heating,https://www.airflow247.com/,
1st HVAC Repair Houston TX,http://1sthvacrepairhoustontx.com/,
Fast Solutions Heating and Air,http://www.fastsolutionshvac.com/,
ACE HVAC Repair Services Houston,http://acehvacandairductservices.com/hvac-repair-houston,
ProLine Houston AC Repair,https://houstonprolineairconditioning.com/,
Ross Air,https://rossair.com/,
Genie Express Air Conditioning,http://www.genieexpress.com/,
Ricky Crum Services,http://www.rickycrumservices.com/,
Advanced Refrigerant Technologies,https://advreftech.com/,
Efficient Air Texas,https://efficientairtexas.com/,
"Davis Air Conditioning & Heating, Inc.",https://davisac.com/,
Pickett Heating & Air,https://pickettheatingandair.com/,
"Fricold Cooling & Heating, LLC",https://fricoldtx.com/?utm_source=omg-gbp&utm_medium=webclick,
"AIR COOLMASTER SOLUTIONS LLC - HVAC Services in Houston, TX",https://aircoolmastersolutions.com/,
Rich's A/C & Heating,https://richsacheating.com/,
